constants.py,hardcoded_password_string,B105,LOW,MEDIUM,https://cwe.mitre.org/data/definitions/259.html,Possible hardcoded password: 'Secret',82,31,39,[82],https://bandit.readthedocs.io/en/1.7.5/plugins/b105_hardcoded_password_string.html
parser.py,blacklist,B404,LOW,HIGH,https://cwe.mitre.org/data/definitions/78.html,Consider possible security implications associated with the subprocess module.,15,0,17,[15],https://bandit.readthedocs.io/en/1.7.5/blacklists/blacklist_imports.html#b404-import-subprocess
parser.py,start_process_with_partial_path,B607,LOW,HIGH,https://cwe.mitre.org/data/definitions/78.html,Starting a process with a partial executable path,332,25,106,[332],https://bandit.readthedocs.io/en/1.7.5/plugins/b607_start_process_with_partial_path.html
parser.py,subprocess_without_shell_equals_true,B603,LOW,HIGH,https://cwe.mitre.org/data/definitions/78.html,subprocess call - check for execution of untrusted input.,332,25,106,[332],https://bandit.readthedocs.io/en/1.7.5/plugins/b603_subprocess_without_shell_equals_true.html
parser.py,start_process_with_partial_path,B607,LOW,HIGH,https://cwe.mitre.org/data/definitions/78.html,Starting a process with a partial executable path,347,21,102,[347],https://bandit.readthedocs.io/en/1.7.5/plugins/b607_start_process_with_partial_path.html
parser.py,subprocess_without_shell_equals_true,B603,LOW,HIGH,https://cwe.mitre.org/data/definitions/78.html,subprocess call - check for execution of untrusted input.,347,21,102,[347],https://bandit.readthedocs.io/en/1.7.5/plugins/b603_subprocess_without_shell_equals_true.html
TEST_CONSTANTS.py,hardcoded_password_string,B105,LOW,MEDIUM,https://cwe.mitre.org/data/definitions/259.html,Possible hardcoded password: 'TEST_ARTIFACTS/helm.values.yaml',8,22,55,[8],https://bandit.readthedocs.io/en/1.7.5/plugins/b105_hardcoded_password_string.html
TEST_CONSTANTS.py,hardcoded_password_string,B105,LOW,MEDIUM,https://cwe.mitre.org/data/definitions/259.html,Possible hardcoded password: 'TEST_ARTIFACTS/tango.values.yaml',9,22,56,[9],https://bandit.readthedocs.io/en/1.7.5/plugins/b105_hardcoded_password_string.html
TEST_CONSTANTS.py,hardcoded_password_string,B105,LOW,MEDIUM,https://cwe.mitre.org/data/definitions/259.html,Possible hardcoded password: 'TEST_ARTIFACTS/charts.values.yaml',10,22,57,[10],https://bandit.readthedocs.io/en/1.7.5/plugins/b105_hardcoded_password_string.html
TEST_CONSTANTS.py,hardcoded_password_string,B105,LOW,MEDIUM,https://cwe.mitre.org/data/definitions/259.html,Possible hardcoded password: 'TEST_ARTIFACTS/skampi.values.yaml',11,22,57,[11],https://bandit.readthedocs.io/en/1.7.5/plugins/b105_hardcoded_password_string.html
TEST_CONSTANTS.py,hardcoded_password_string,B105,LOW,MEDIUM,https://cwe.mitre.org/data/definitions/259.html,Possible hardcoded password: 'TEST_ARTIFACTS/minecraft.values.yaml',12,22,60,[12],https://bandit.readthedocs.io/en/1.7.5/plugins/b105_hardcoded_password_string.html
TEST_CONSTANTS.py,hardcoded_password_string,B105,LOW,MEDIUM,https://cwe.mitre.org/data/definitions/259.html,Possible hardcoded password: 'TEST_ARTIFACTS/kubecf.values.yaml',13,22,57,[13],https://bandit.readthedocs.io/en/1.7.5/plugins/b105_hardcoded_password_string.html
TEST_CONSTANTS.py,hardcoded_password_string,B105,LOW,MEDIUM,https://cwe.mitre.org/data/definitions/259.html,Possible hardcoded password: 'TEST_ARTIFACTS/nextcloud.values.yaml',14,22,60,[14],https://bandit.readthedocs.io/en/1.7.5/plugins/b105_hardcoded_password_string.html
TEST_CONSTANTS.py,hardcoded_password_string,B105,LOW,MEDIUM,https://cwe.mitre.org/data/definitions/259.html,Possible hardcoded password: 'TEST_ARTIFACTS/keycloak.values.yaml',15,22,59,[15],https://bandit.readthedocs.io/en/1.7.5/plugins/b105_hardcoded_password_string.html
TEST_CONSTANTS.py,hardcoded_password_string,B105,LOW,MEDIUM,https://cwe.mitre.org/data/definitions/259.html,Possible hardcoded password: 'TEST_ARTIFACTS/empty.yml',16,22,48,[16],https://bandit.readthedocs.io/en/1.7.5/plugins/b105_hardcoded_password_string.html
TEST_CONSTANTS.py,hardcoded_password_string,B105,LOW,MEDIUM,https://cwe.mitre.org/data/definitions/259.html,Possible hardcoded password: 'TEST_ARTIFACTS/kubecf.values.yaml',17,22,57,[17],https://bandit.readthedocs.io/en/1.7.5/plugins/b105_hardcoded_password_string.html
TEST_CONSTANTS.py,hardcoded_password_string,B105,LOW,MEDIUM,https://cwe.mitre.org/data/definitions/259.html,Possible hardcoded password: 'TEST_ARTIFACTS/special.secret1.yaml',106,22,59,[106],https://bandit.readthedocs.io/en/1.7.5/plugins/b105_hardcoded_password_string.html
constants.py,hardcoded_password_string,B105,LOW,MEDIUM,https://cwe.mitre.org/data/definitions/259.html,Possible hardcoded password: 'Secret',82,31,39,[82],https://bandit.readthedocs.io/en/1.7.5/plugins/b105_hardcoded_password_string.html
parser.py,blacklist,B404,LOW,HIGH,https://cwe.mitre.org/data/definitions/78.html,Consider possible security implications associated with the subprocess module.,15,0,17,[15],https://bandit.readthedocs.io/en/1.7.5/blacklists/blacklist_imports.html#b404-import-subprocess
parser.py,start_process_with_partial_path,B607,LOW,HIGH,https://cwe.mitre.org/data/definitions/78.html,Starting a process with a partial executable path,332,25,106,[332],https://bandit.readthedocs.io/en/1.7.5/plugins/b607_start_process_with_partial_path.html
parser.py,subprocess_without_shell_equals_true,B603,LOW,HIGH,https://cwe.mitre.org/data/definitions/78.html,subprocess call - check for execution of untrusted input.,332,25,106,[332],https://bandit.readthedocs.io/en/1.7.5/plugins/b603_subprocess_without_shell_equals_true.html
parser.py,start_process_with_partial_path,B607,LOW,HIGH,https://cwe.mitre.org/data/definitions/78.html,Starting a process with a partial executable path,347,21,102,[347],https://bandit.readthedocs.io/en/1.7.5/plugins/b607_start_process_with_partial_path.html
parser.py,subprocess_without_shell_equals_true,B603,LOW,HIGH,https://cwe.mitre.org/data/definitions/78.html,subprocess call - check for execution of untrusted input.,347,21,102,[347],https://bandit.readthedocs.io/en/1.7.5/plugins/b603_subprocess_without_shell_equals_true.html
TEST_CONSTANTS.py,hardcoded_password_string,B105,LOW,MEDIUM,https://cwe.mitre.org/data/definitions/259.html,Possible hardcoded password: 'TEST_ARTIFACTS/helm.values.yaml',8,22,55,[8],https://bandit.readthedocs.io/en/1.7.5/plugins/b105_hardcoded_password_string.html
TEST_CONSTANTS.py,hardcoded_password_string,B105,LOW,MEDIUM,https://cwe.mitre.org/data/definitions/259.html,Possible hardcoded password: 'TEST_ARTIFACTS/tango.values.yaml',9,22,56,[9],https://bandit.readthedocs.io/en/1.7.5/plugins/b105_hardcoded_password_string.html
TEST_CONSTANTS.py,hardcoded_password_string,B105,LOW,MEDIUM,https://cwe.mitre.org/data/definitions/259.html,Possible hardcoded password: 'TEST_ARTIFACTS/charts.values.yaml',10,22,57,[10],https://bandit.readthedocs.io/en/1.7.5/plugins/b105_hardcoded_password_string.html
TEST_CONSTANTS.py,hardcoded_password_string,B105,LOW,MEDIUM,https://cwe.mitre.org/data/definitions/259.html,Possible hardcoded password: 'TEST_ARTIFACTS/skampi.values.yaml',11,22,57,[11],https://bandit.readthedocs.io/en/1.7.5/plugins/b105_hardcoded_password_string.html
TEST_CONSTANTS.py,hardcoded_password_string,B105,LOW,MEDIUM,https://cwe.mitre.org/data/definitions/259.html,Possible hardcoded password: 'TEST_ARTIFACTS/minecraft.values.yaml',12,22,60,[12],https://bandit.readthedocs.io/en/1.7.5/plugins/b105_hardcoded_password_string.html
TEST_CONSTANTS.py,hardcoded_password_string,B105,LOW,MEDIUM,https://cwe.mitre.org/data/definitions/259.html,Possible hardcoded password: 'TEST_ARTIFACTS/kubecf.values.yaml',13,22,57,[13],https://bandit.readthedocs.io/en/1.7.5/plugins/b105_hardcoded_password_string.html
TEST_CONSTANTS.py,hardcoded_password_string,B105,LOW,MEDIUM,https://cwe.mitre.org/data/definitions/259.html,Possible hardcoded password: 'TEST_ARTIFACTS/nextcloud.values.yaml',14,22,60,[14],https://bandit.readthedocs.io/en/1.7.5/plugins/b105_hardcoded_password_string.html
TEST_CONSTANTS.py,hardcoded_password_string,B105,LOW,MEDIUM,https://cwe.mitre.org/data/definitions/259.html,Possible hardcoded password: 'TEST_ARTIFACTS/keycloak.values.yaml',15,22,59,[15],https://bandit.readthedocs.io/en/1.7.5/plugins/b105_hardcoded_password_string.html
TEST_CONSTANTS.py,hardcoded_password_string,B105,LOW,MEDIUM,https://cwe.mitre.org/data/definitions/259.html,Possible hardcoded password: 'TEST_ARTIFACTS/empty.yml',16,22,48,[16],https://bandit.readthedocs.io/en/1.7.5/plugins/b105_hardcoded_password_string.html
TEST_CONSTANTS.py,hardcoded_password_string,B105,LOW,MEDIUM,https://cwe.mitre.org/data/definitions/259.html,Possible hardcoded password: 'TEST_ARTIFACTS/kubecf.values.yaml',17,22,57,[17],https://bandit.readthedocs.io/en/1.7.5/plugins/b105_hardcoded_password_string.html
TEST_CONSTANTS.py,hardcoded_password_string,B105,LOW,MEDIUM,https://cwe.mitre.org/data/definitions/259.html,Possible hardcoded password: 'TEST_ARTIFACTS/special.secret1.yaml',106,22,59,[106],https://bandit.readthedocs.io/en/1.7.5/plugins/b105_hardcoded_password_string.html
constants.py,hardcoded_password_string,B105,LOW,MEDIUM,https://cwe.mitre.org/data/definitions/259.html,Possible hardcoded password: 'Secret',82,31,39,[82],https://bandit.readthedocs.io/en/1.7.5/plugins/b105_hardcoded_password_string.html
parser.py,blacklist,B404,LOW,HIGH,https://cwe.mitre.org/data/definitions/78.html,Consider possible security implications associated with the subprocess module.,15,0,17,[15],https://bandit.readthedocs.io/en/1.7.5/blacklists/blacklist_imports.html#b404-import-subprocess
parser.py,start_process_with_partial_path,B607,LOW,HIGH,https://cwe.mitre.org/data/definitions/78.html,Starting a process with a partial executable path,332,25,106,[332],https://bandit.readthedocs.io/en/1.7.5/plugins/b607_start_process_with_partial_path.html
parser.py,subprocess_without_shell_equals_true,B603,LOW,HIGH,https://cwe.mitre.org/data/definitions/78.html,subprocess call - check for execution of untrusted input.,332,25,106,[332],https://bandit.readthedocs.io/en/1.7.5/plugins/b603_subprocess_without_shell_equals_true.html
parser.py,start_process_with_partial_path,B607,LOW,HIGH,https://cwe.mitre.org/data/definitions/78.html,Starting a process with a partial executable path,347,21,102,[347],https://bandit.readthedocs.io/en/1.7.5/plugins/b607_start_process_with_partial_path.html
parser.py,subprocess_without_shell_equals_true,B603,LOW,HIGH,https://cwe.mitre.org/data/definitions/78.html,subprocess call - check for execution of untrusted input.,347,21,102,[347],https://bandit.readthedocs.io/en/1.7.5/plugins/b603_subprocess_without_shell_equals_true.html
TEST_CONSTANTS.py,hardcoded_password_string,B105,LOW,MEDIUM,https://cwe.mitre.org/data/definitions/259.html,Possible hardcoded password: 'TEST_ARTIFACTS/helm.values.yaml',8,22,55,[8],https://bandit.readthedocs.io/en/1.7.5/plugins/b105_hardcoded_password_string.html
TEST_CONSTANTS.py,hardcoded_password_string,B105,LOW,MEDIUM,https://cwe.mitre.org/data/definitions/259.html,Possible hardcoded password: 'TEST_ARTIFACTS/tango.values.yaml',9,22,56,[9],https://bandit.readthedocs.io/en/1.7.5/plugins/b105_hardcoded_password_string.html
TEST_CONSTANTS.py,hardcoded_password_string,B105,LOW,MEDIUM,https://cwe.mitre.org/data/definitions/259.html,Possible hardcoded password: 'TEST_ARTIFACTS/charts.values.yaml',10,22,57,[10],https://bandit.readthedocs.io/en/1.7.5/plugins/b105_hardcoded_password_string.html
TEST_CONSTANTS.py,hardcoded_password_string,B105,LOW,MEDIUM,https://cwe.mitre.org/data/definitions/259.html,Possible hardcoded password: 'TEST_ARTIFACTS/skampi.values.yaml',11,22,57,[11],https://bandit.readthedocs.io/en/1.7.5/plugins/b105_hardcoded_password_string.html
TEST_CONSTANTS.py,hardcoded_password_string,B105,LOW,MEDIUM,https://cwe.mitre.org/data/definitions/259.html,Possible hardcoded password: 'TEST_ARTIFACTS/minecraft.values.yaml',12,22,60,[12],https://bandit.readthedocs.io/en/1.7.5/plugins/b105_hardcoded_password_string.html
TEST_CONSTANTS.py,hardcoded_password_string,B105,LOW,MEDIUM,https://cwe.mitre.org/data/definitions/259.html,Possible hardcoded password: 'TEST_ARTIFACTS/kubecf.values.yaml',13,22,57,[13],https://bandit.readthedocs.io/en/1.7.5/plugins/b105_hardcoded_password_string.html
TEST_CONSTANTS.py,hardcoded_password_string,B105,LOW,MEDIUM,https://cwe.mitre.org/data/definitions/259.html,Possible hardcoded password: 'TEST_ARTIFACTS/nextcloud.values.yaml',14,22,60,[14],https://bandit.readthedocs.io/en/1.7.5/plugins/b105_hardcoded_password_string.html
TEST_CONSTANTS.py,hardcoded_password_string,B105,LOW,MEDIUM,https://cwe.mitre.org/data/definitions/259.html,Possible hardcoded password: 'TEST_ARTIFACTS/keycloak.values.yaml',15,22,59,[15],https://bandit.readthedocs.io/en/1.7.5/plugins/b105_hardcoded_password_string.html
TEST_CONSTANTS.py,hardcoded_password_string,B105,LOW,MEDIUM,https://cwe.mitre.org/data/definitions/259.html,Possible hardcoded password: 'TEST_ARTIFACTS/empty.yml',16,22,48,[16],https://bandit.readthedocs.io/en/1.7.5/plugins/b105_hardcoded_password_string.html
TEST_CONSTANTS.py,hardcoded_password_string,B105,LOW,MEDIUM,https://cwe.mitre.org/data/definitions/259.html,Possible hardcoded password: 'TEST_ARTIFACTS/kubecf.values.yaml',17,22,57,[17],https://bandit.readthedocs.io/en/1.7.5/plugins/b105_hardcoded_password_string.html
TEST_CONSTANTS.py,hardcoded_password_string,B105,LOW,MEDIUM,https://cwe.mitre.org/data/definitions/259.html,Possible hardcoded password: 'TEST_ARTIFACTS/special.secret1.yaml',106,22,59,[106],https://bandit.readthedocs.io/en/1.7.5/plugins/b105_hardcoded_password_string.html
constants.py,hardcoded_password_string,B105,LOW,MEDIUM,https://cwe.mitre.org/data/definitions/259.html,Possible hardcoded password: 'Secret',82,31,39,[82],https://bandit.readthedocs.io/en/1.7.5/plugins/b105_hardcoded_password_string.html
parser.py,blacklist,B404,LOW,HIGH,https://cwe.mitre.org/data/definitions/78.html,Consider possible security implications associated with the subprocess module.,15,0,17,[15],https://bandit.readthedocs.io/en/1.7.5/blacklists/blacklist_imports.html#b404-import-subprocess
parser.py,start_process_with_partial_path,B607,LOW,HIGH,https://cwe.mitre.org/data/definitions/78.html,Starting a process with a partial executable path,332,25,106,[332],https://bandit.readthedocs.io/en/1.7.5/plugins/b607_start_process_with_partial_path.html
parser.py,subprocess_without_shell_equals_true,B603,LOW,HIGH,https://cwe.mitre.org/data/definitions/78.html,subprocess call - check for execution of untrusted input.,332,25,106,[332],https://bandit.readthedocs.io/en/1.7.5/plugins/b603_subprocess_without_shell_equals_true.html
parser.py,start_process_with_partial_path,B607,LOW,HIGH,https://cwe.mitre.org/data/definitions/78.html,Starting a process with a partial executable path,347,21,102,[347],https://bandit.readthedocs.io/en/1.7.5/plugins/b607_start_process_with_partial_path.html
parser.py,subprocess_without_shell_equals_true,B603,LOW,HIGH,https://cwe.mitre.org/data/definitions/78.html,subprocess call - check for execution of untrusted input.,347,21,102,[347],https://bandit.readthedocs.io/en/1.7.5/plugins/b603_subprocess_without_shell_equals_true.html
TEST_CONSTANTS.py,hardcoded_password_string,B105,LOW,MEDIUM,https://cwe.mitre.org/data/definitions/259.html,Possible hardcoded password: 'TEST_ARTIFACTS/helm.values.yaml',8,22,55,[8],https://bandit.readthedocs.io/en/1.7.5/plugins/b105_hardcoded_password_string.html
TEST_CONSTANTS.py,hardcoded_password_string,B105,LOW,MEDIUM,https://cwe.mitre.org/data/definitions/259.html,Possible hardcoded password: 'TEST_ARTIFACTS/tango.values.yaml',9,22,56,[9],https://bandit.readthedocs.io/en/1.7.5/plugins/b105_hardcoded_password_string.html
TEST_CONSTANTS.py,hardcoded_password_string,B105,LOW,MEDIUM,https://cwe.mitre.org/data/definitions/259.html,Possible hardcoded password: 'TEST_ARTIFACTS/charts.values.yaml',10,22,57,[10],https://bandit.readthedocs.io/en/1.7.5/plugins/b105_hardcoded_password_string.html
TEST_CONSTANTS.py,hardcoded_password_string,B105,LOW,MEDIUM,https://cwe.mitre.org/data/definitions/259.html,Possible hardcoded password: 'TEST_ARTIFACTS/skampi.values.yaml',11,22,57,[11],https://bandit.readthedocs.io/en/1.7.5/plugins/b105_hardcoded_password_string.html
TEST_CONSTANTS.py,hardcoded_password_string,B105,LOW,MEDIUM,https://cwe.mitre.org/data/definitions/259.html,Possible hardcoded password: 'TEST_ARTIFACTS/minecraft.values.yaml',12,22,60,[12],https://bandit.readthedocs.io/en/1.7.5/plugins/b105_hardcoded_password_string.html
TEST_CONSTANTS.py,hardcoded_password_string,B105,LOW,MEDIUM,https://cwe.mitre.org/data/definitions/259.html,Possible hardcoded password: 'TEST_ARTIFACTS/kubecf.values.yaml',13,22,57,[13],https://bandit.readthedocs.io/en/1.7.5/plugins/b105_hardcoded_password_string.html
TEST_CONSTANTS.py,hardcoded_password_string,B105,LOW,MEDIUM,https://cwe.mitre.org/data/definitions/259.html,Possible hardcoded password: 'TEST_ARTIFACTS/nextcloud.values.yaml',14,22,60,[14],https://bandit.readthedocs.io/en/1.7.5/plugins/b105_hardcoded_password_string.html
TEST_CONSTANTS.py,hardcoded_password_string,B105,LOW,MEDIUM,https://cwe.mitre.org/data/definitions/259.html,Possible hardcoded password: 'TEST_ARTIFACTS/keycloak.values.yaml',15,22,59,[15],https://bandit.readthedocs.io/en/1.7.5/plugins/b105_hardcoded_password_string.html
TEST_CONSTANTS.py,hardcoded_password_string,B105,LOW,MEDIUM,https://cwe.mitre.org/data/definitions/259.html,Possible hardcoded password: 'TEST_ARTIFACTS/empty.yml',16,22,48,[16],https://bandit.readthedocs.io/en/1.7.5/plugins/b105_hardcoded_password_string.html
TEST_CONSTANTS.py,hardcoded_password_string,B105,LOW,MEDIUM,https://cwe.mitre.org/data/definitions/259.html,Possible hardcoded password: 'TEST_ARTIFACTS/kubecf.values.yaml',17,22,57,[17],https://bandit.readthedocs.io/en/1.7.5/plugins/b105_hardcoded_password_string.html
TEST_CONSTANTS.py,hardcoded_password_string,B105,LOW,MEDIUM,https://cwe.mitre.org/data/definitions/259.html,Possible hardcoded password: 'TEST_ARTIFACTS/special.secret1.yaml',106,22,59,[106],https://bandit.readthedocs.io/en/1.7.5/plugins/b105_hardcoded_password_string.html
